{
    "rmse": 0.7991592801164442,
    "mae": 0.6655455879933101,
    "r2": 0.035615627738871836
}