{
    "rmse": 0.7883122130486212,
    "mae": 0.6488959889003904,
    "r2": 0.019853039357689894
}