{
    "rmse": 0.804346762796031,
    "mae": 0.65671588782232,
    "r2": 0.009995540913424361
}